{
  "v": "5.8.1",
  "fr": 30,
  "ip": 0,
  "op": 90,
  "w": 512,
  "h": 512,
  "nm": "AI Waveform Loader",
  "ddd": 0,
  "assets": [],
  "layers": [
    {
      "ddd": 0,
      "ind": 1,
      "ty": 4,
      "nm": "Waveform",
      "sr": 1,
      "ks": {
        "o": { "a": 0, "k": 100 },
        "r": { "a": 0, "k": 0 },
        "p": { "a": 0, "k": [256, 256, 0] },
        "a": { "a": 0, "k": [0, 0, 0] },
        "s": {
          "a": 1,
          "k": [
            {
              "i": { "x": [0.667], "y": [1] },
              "o": { "x": [0.333], "y": [0] },
              "t": 0,
              "s": [100, 100, 100]
            },
            {
              "t": 90,
              "s": [105, 105, 105]
            }
          ]
        }
      },
      "shapes": [
        {
          "ty": "gr",
          "it": [
            {
              "ty": "rc",
              "d": 1,
              "s": { "a": 0, "k": [360, 12] },
              "p": { "a": 0, "k": [0, 0] },
              "r": { "a": 0, "k": 6 },
              "nm": "Rectangle Path 1"
            },
            {
              "ty": "fl",
              "c": { "a": 0, "k": [0.16, 0.72, 0.96, 1] },
              "o": { "a": 0, "k": 100 },
              "r": 1,
              "nm": "Fill 1"
            }
          ],
          "nm": "Rounded Rectangle",
          "np": 3
        }
      ],
      "ao": 0,
      "ip": 0,
      "op": 90,
      "st": 0,
      "bm": 0
    },
    {
      "ddd": 0,
      "ind": 2,
      "ty": 4,
      "nm": "Waveform Bars",
      "sr": 1,
      "ks": {
        "o": { "a": 1, "k": [
            { "t": 0, "s": [0] },
            { "t": 15, "s": [100] }
          ] },
        "r": { "a": 0, "k": 0 },
        "p": { "a": 0, "k": [256, 256, 0] },
        "a": { "a": 0, "k": [0, 0, 0] },
        "s": { "a": 0, "k": [100, 100, 100] }
      },
      "shapes": [
        {
          "ty": "gr",
          "it": [
            {
              "ty": "rc",
              "d": 1,
              "s": { "a": 1, "k": [
                  { "t": 0, "s": [12, 30] },
                  { "t": 45, "s": [12, 12] },
                  { "t": 90, "s": [12, 30] }
                ] },
              "p": { "a": 0, "k": [0, 0] },
              "r": { "a": 0, "k": 3 },
              "nm": "Bar 1"
            },
            {
              "ty": "rc",
              "d": 1,
              "s": { "a": 1, "k": [
                  { "t": 0, "s": [12, 10] },
                  { "t": 45, "s": [12, 30] },
                  { "t": 90, "s": [12, 10] }
                ] },
              "p": { "a": 0, "k": [40, 0] },
              "r": { "a": 0, "k": 3 },
              "nm": "Bar 2"
            },
            {
              "ty": "rc",
              "d": 1,
              "s": { "a": 1, "k": [
                  { "t": 0, "s": [12, 20] },
                  { "t": 45, "s": [12, 10] },
                  { "t": 90, "s": [12, 20] }
                ] },
              "p": { "a": 0, "k": [80, 0] },
              "r": { "a": 0, "k": 3 },
              "nm": "Bar 3"
            }
          ],
          "nm": "Bars Group",
          "np": 5
        }
      ],
      "ao": 0,
      "ip": 0,
      "op": 90,
      "st": 0,
      "bm": 0
    }
  ],
  "markers": []
}
